observation_date,PPI
1914-01-01,-2.47934
1914-02-01,-1.66667
1914-03-01,-2.50000
1914-04-01,-2.50000
1914-05-01,-2.52101
1914-06-01,-2.52101
1914-07-01,-3.33333
1914-08-01,0.00000
1914-09-01,-0.81967
1914-10-01,-4.09836
1914-11-01,-3.30579
1914-12-01,-2.52101
1915-01-01,0.00000
1915-02-01,0.00000
1915-03-01,0.85470
1915-04-01,0.85470
1915-05-01,2.58621
1915-06-01,1.72414
1915-07-01,2.58621
1915-08-01,-1.66667
1915-09-01,-2.47934
1915-10-01,3.41880
1915-11-01,5.12821
1915-12-01,10.34483
1916-01-01,12.71186
1916-02-01,14.40678
1916-03-01,17.79661
1916-04-01,19.49153
1916-05-01,19.32773
1916-06-01,21.18644
1916-07-01,21.00840
1916-08-01,24.57627
1916-09-01,27.11864
1916-10-01,29.75207
1916-11-01,36.58537
1916-12-01,33.59375
1917-01-01,32.33083
1917-02-01,33.33333
1917-03-01,33.09353
1917-04-01,39.71631
1917-05-01,46.47887
1917-06-01,46.85315
1917-07-01,47.22222
1917-08-01,46.25850
1917-09-01,42.00000
1917-10-01,34.39490
1917-11-01,26.19048
1917-12-01,23.97661
1918-01-01,22.72727
1918-02-01,17.22222
1918-03-01,17.83784
1918-04-01,12.18274
1918-05-01,6.25000
1918-06-01,5.71429
1918-07-01,7.07547
1918-08-01,7.90698
1918-09-01,11.26761
1918-10-01,11.37441
1918-11-01,10.84906
1918-12-01,10.84906
1919-01-01,7.40741
1919-02-01,6.16114
1919-03-01,3.66972
1919-04-01,3.61991
1919-05-01,5.42986
1919-06-01,5.40541
1919-07-01,7.04846
1919-08-01,7.32759
1919-09-01,2.53165
1919-10-01,3.82979
1919-11-01,5.95745
1919-12-01,10.63830
1920-01-01,17.24138
1920-02-01,20.98214
1920-03-01,20.79646
1920-04-01,24.45415
1920-05-01,23.60515
1920-06-01,22.64957
1920-07-01,17.69547
1920-08-01,11.64659
1920-09-01,10.28807
1920-10-01,2.04918
1920-11-01,-7.63052
1920-12-01,-20.00000
1921-01-01,-27.94118
1921-02-01,-33.21033
1921-03-01,-35.16484
1921-04-01,-40.35088
1921-05-01,-42.36111
1921-06-01,-43.90244
1921-07-01,-43.70629
1921-08-01,-42.08633
1921-09-01,-39.92537
1921-10-01,-34.93976
1921-11-01,-29.56522
1921-12-01,-23.07692
1922-01-01,-19.89796
1922-02-01,-11.60221
1922-03-01,-9.60452
1922-04-01,-5.29412
1922-05-01,0.00000
1922-06-01,3.10559
1922-07-01,6.21118
1922-08-01,5.59006
1922-09-01,6.21118
1922-10-01,6.17284
1922-11-01,6.79012
1922-12-01,8.12500
1923-01-01,12.10191
1923-02-01,11.25000
1923-03-01,12.50000
1923-04-01,11.18012
1923-05-01,5.42169
1923-06-01,4.21687
1923-07-01,-0.58480
1923-08-01,-0.58824
1923-09-01,0.58480
1923-10-01,-0.58140
1923-11-01,-1.73410
1923-12-01,-2.31214
1924-01-01,-2.27273
1924-02-01,-3.37079
1924-03-01,-5.55556
1924-04-01,-6.70391
1924-05-01,-5.71429
1924-06-01,-5.20231
1924-07-01,-2.94118
1924-08-01,-1.18343
1924-09-01,-2.90698
1924-10-01,-1.16959
1924-11-01,0.58824
1924-12-01,3.55030
1925-01-01,2.90698
1925-02-01,4.06977
1925-03-01,5.29412
1925-04-01,4.79042
1925-05-01,6.06061
1925-06-01,7.92683
1925-07-01,9.09091
1925-08-01,7.18563
1925-09-01,6.58683
1925-10-01,5.32544
1925-11-01,5.26316
1925-12-01,1.71429
1926-01-01,0.56497
1926-02-01,-1.67598
1926-03-01,-3.35196
1926-04-01,-1.14286
1926-05-01,-1.14286
1926-06-01,-2.25989
1926-07-01,-5.00000
1926-08-01,-4.46927
1926-09-01,-3.37079
1926-10-01,-3.93258
1926-11-01,-5.55556
1926-12-01,-5.05618
1927-01-01,-7.86517
1927-02-01,-5.68182
1927-03-01,-4.62428
1927-04-01,-5.78035
1927-05-01,-6.35838
1927-06-01,-6.35838
1927-07-01,-5.26316
1927-08-01,-4.09357
1927-09-01,-3.48837
1927-10-01,-2.33918
1927-11-01,-2.35294
1927-12-01,-1.77515
1928-01-01,1.21951
1928-02-01,-0.60241
1928-03-01,0.00000
1928-04-01,2.45399
1928-05-01,3.70370
1928-06-01,3.08642
1928-07-01,3.70370
1928-08-01,2.43902
1928-09-01,2.40964
1928-10-01,0.00000
1928-11-01,-0.60241
1928-12-01,-0.60241
1929-01-01,-0.60241
1929-02-01,-0.60606
1929-03-01,0.60606
1929-04-01,-1.19760
1929-05-01,-2.97619
1929-06-01,-1.79641
1929-07-01,-1.19048
1929-08-01,-1.19048
1929-09-01,-2.35294
1929-10-01,-1.79641
1929-11-01,-2.42424
1929-12-01,-2.42424
1930-01-01,-3.63636
1930-02-01,-4.26829
1930-03-01,-6.62651
1930-04-01,-6.06061
1930-05-01,-6.13497
1930-06-01,-8.53659
1930-07-01,-12.65060
1930-08-01,-12.65060
1930-09-01,-12.65060
1930-10-01,-12.80488
1930-11-01,-13.04348
1930-12-01,-14.90683
1931-01-01,-15.09434
1931-02-01,-15.92357
1931-03-01,-15.48387
1931-04-01,-16.77419
1931-05-01,-17.64706
1931-06-01,-17.33333
1931-07-01,-14.48276
1931-08-01,-14.48276
1931-09-01,-15.17241
1931-10-01,-15.38462
1931-11-01,-13.57143
1931-12-01,-13.86861
1932-01-01,-14.07407
1932-02-01,-13.63636
1932-03-01,-12.97710
1932-04-01,-12.40310
1932-05-01,-11.90476
1932-06-01,-11.29032
1932-07-01,-10.48387
1932-08-01,-9.67742
1932-09-01,-8.13008
1932-10-01,-8.26446
1932-11-01,-9.09091
1932-12-01,-8.47458
1933-01-01,-9.48276
1933-02-01,-9.64912
1933-03-01,-8.77193
1933-04-01,-7.96460
1933-05-01,-2.70270
1933-06-01,1.81818
1933-07-01,7.20721
1933-08-01,7.14286
1933-09-01,7.96460
1933-10-01,10.81081
1933-11-01,11.81818
1933-12-01,12.96296
1934-01-01,18.09524
1934-02-01,23.30097
1934-03-01,22.11538
1934-04-01,22.11538
1934-05-01,17.59259
1934-06-01,15.17857
1934-07-01,8.40336
1934-08-01,10.00000
1934-09-01,9.83607
1934-10-01,7.31707
1934-11-01,7.31707
1934-12-01,9.01639
1935-01-01,9.67742
1935-02-01,7.87402
1935-03-01,7.87402
1935-04-01,8.66142
1935-05-01,8.66142
1935-06-01,6.97674
1935-07-01,6.20155
1935-08-01,5.30303
1935-09-01,3.73134
1935-10-01,5.30303
1935-11-01,5.30303
1935-12-01,5.26316
1936-01-01,2.20588
1936-02-01,1.45985
1936-03-01,0.00000
1936-04-01,-0.72464
1936-05-01,-2.17391
1936-06-01,-0.72464
1936-07-01,1.45985
1936-08-01,0.71942
1936-09-01,0.71942
1936-10-01,0.71942
1936-11-01,2.15827
1936-12-01,3.57143
1937-01-01,6.47482
1937-02-01,7.19424
1937-03-01,10.21898
1937-04-01,10.94891
1937-05-01,11.85185
1937-06-01,9.48905
1937-07-01,9.35252
1937-08-01,7.85714
1937-09-01,7.85714
1937-10-01,5.00000
1937-11-01,1.40845
1937-12-01,-2.75862
1938-01-01,-5.40541
1938-02-01,-7.38255
1938-03-01,-9.27152
1938-04-01,-11.18421
1938-05-01,-10.59603
1938-06-01,-10.00000
1938-07-01,-10.52632
1938-08-01,-11.25828
1938-09-01,-10.59603
1938-10-01,-8.84354
1938-11-01,-6.94444
1938-12-01,-5.67376
1939-01-01,-5.00000
1939-02-01,-3.62319
1939-03-01,-3.64964
1939-04-01,-2.96296
1939-05-01,-2.96296
1939-06-01,-3.70370
1939-07-01,-4.41176
1939-08-01,-3.73134
1939-09-01,0.74074
1939-10-01,2.23881
1939-11-01,1.49254
1939-12-01,3.00752
1940-01-01,3.00752
1940-02-01,2.25564
1940-03-01,2.27273
1940-04-01,3.05344
1940-05-01,3.05344
1940-06-01,3.07692
1940-07-01,3.07692
1940-08-01,3.87597
1940-09-01,-1.47059
1940-10-01,-0.72993
1940-11-01,0.73529
1940-12-01,0.72993
1941-01-01,1.45985
1941-02-01,2.20588
1941-03-01,3.70370
1941-04-01,6.66667
1941-05-01,8.14815
1941-06-01,11.94030
1941-07-01,14.17910
1941-08-01,16.41791
1941-09-01,17.91045
1941-10-01,16.91176
1941-11-01,16.05839
1941-12-01,17.39130
1942-01-01,18.70504
1942-02-01,20.14388
1942-03-01,20.00000
1942-04-01,18.05556
1942-05-01,16.43836
1942-06-01,13.33333
1942-07-01,11.11111
1942-08-01,9.61538
1942-09-01,8.86076
1942-10-01,8.17610
1942-11-01,8.80503
1942-12-01,7.40741
1943-01-01,6.06061
1943-02-01,5.98802
1943-03-01,5.95238
1943-04-01,5.29412
1943-05-01,5.29412
1943-06-01,5.29412
1943-07-01,4.70588
1943-08-01,4.09357
1943-09-01,3.48837
1943-10-01,3.48837
1943-11-01,2.31214
1943-12-01,2.29885
1944-01-01,1.71429
1944-02-01,0.56497
1944-03-01,0.56180
1944-04-01,0.00000
1944-05-01,0.00000
1944-06-01,0.55866
1944-07-01,0.56180
1944-08-01,0.56180
1944-09-01,0.56180
1944-10-01,0.56180
1944-11-01,1.69492
1944-12-01,1.12360
1945-01-01,1.68539
1945-02-01,1.68539
1945-03-01,1.11732
1945-04-01,1.67598
1945-05-01,2.23464
1945-06-01,1.66667
1945-07-01,2.23464
1945-08-01,1.67598
1945-09-01,1.11732
1945-10-01,1.67598
1945-11-01,2.22222
1945-12-01,2.22222
1946-01-01,1.65746
1946-02-01,2.20994
1946-03-01,3.86740
1946-04-01,4.39560
1946-05-01,4.37158
1946-06-01,6.01093
1946-07-01,17.48634
1946-08-01,21.97802
1946-09-01,18.23204
1946-10-01,26.92308
1946-11-01,30.97826
1946-12-01,32.06522
1947-01-01,33.15217
1947-02-01,33.51351
1947-03-01,34.57447
1947-04-01,32.10526
1947-05-01,30.89005
1947-06-01,28.86598
1947-07-01,17.67442
1947-08-01,15.31532
1947-09-01,21.96262
1947-10-01,14.28571
1947-11-01,10.78838
1947-12-01,11.93416
1948-01-01,13.06122
1948-02-01,10.12146
1948-03-01,7.50988
1948-04-01,9.16335
1948-05-01,10.00000
1948-06-01,10.80000
1948-07-01,10.67194
1948-08-01,10.15625
1948-09-01,7.66284
1948-10-01,5.30303
1948-11-01,4.11985
1948-12-01,1.47059
1949-01-01,-1.44404
1949-02-01,-1.47059
1949-03-01,-1.47059
1949-04-01,-3.28467
1949-05-01,-4.36364
1949-06-01,-6.13718
1949-07-01,-7.14286
1949-08-01,-7.80142
1949-09-01,-7.11744
1949-10-01,-6.47482
1949-11-01,-6.47482
1949-12-01,-6.15942
1950-01-01,-5.12821
1950-02-01,-2.61194
1950-03-01,-2.61194
1950-04-01,-1.50943
1950-05-01,0.38023
1950-06-01,2.30769
1950-07-01,5.00000
1950-08-01,7.30769
1950-09-01,8.81226
1950-10-01,10.00000
1950-11-01,11.53846
1950-12-01,14.67181
1951-01-01,17.76062
1951-02-01,18.39080
1951-03-01,18.39080
1951-04-01,18.00766
1951-05-01,16.28788
1951-06-01,14.66165
1951-07-01,10.98901
1951-08-01,7.88530
1951-09-01,5.98592
1951-10-01,5.24476
1951-11-01,3.79310
1951-12-01,1.34680
1952-01-01,-1.63934
1952-02-01,-3.55987
1952-03-01,-3.55987
1952-04-01,-3.89610
1952-05-01,-3.58306
1952-06-01,-3.27869
1952-07-01,-2.31023
1952-08-01,-0.99668
1952-09-01,-1.66113
1952-10-01,-1.99336
1952-11-01,-2.65781
1952-12-01,-3.32226
1953-01-01,-3.00000
1953-02-01,-2.34899
1953-03-01,-2.01342
1953-04-01,-2.02703
1953-05-01,-1.68919
1953-06-01,-1.69492
1953-07-01,-0.67568
1953-08-01,-1.67785
1953-09-01,-0.67568
1953-10-01,-1.01695
1953-11-01,-0.68259
1953-12-01,0.34364
1954-01-01,1.03093
1954-02-01,0.68729
1954-03-01,0.34247
1954-04-01,1.37931
1954-05-01,1.03093
1954-06-01,0.68966
1954-07-01,-0.34014
1954-08-01,0.00000
1954-09-01,-0.68027
1954-10-01,-0.34247
1954-11-01,0.34364
1954-12-01,-0.68493
1955-01-01,-0.68027
1955-02-01,0.00000
1955-03-01,-0.34130
1955-04-01,-0.34014
1955-05-01,-1.02041
1955-06-01,0.34247
1955-07-01,0.00000
1955-08-01,0.34130
1955-09-01,1.36986
1955-10-01,1.71821
1955-11-01,1.02740
1955-12-01,1.72414
1956-01-01,1.71233
1956-02-01,1.70648
1956-03-01,2.39726
1956-04-01,2.73038
1956-05-01,4.12371
1956-06-01,3.41297
1956-07-01,3.07167
1956-08-01,3.40136
1956-09-01,3.37838
1956-10-01,3.37838
1956-11-01,4.06780
1956-12-01,4.40678
1957-01-01,4.37710
1957-02-01,4.02685
1957-03-01,3.67893
1957-04-01,3.32226
1957-05-01,2.31023
1957-06-01,2.64026
1957-07-01,3.64238
1957-08-01,3.28947
1957-09-01,2.28758
1957-10-01,1.96078
1957-11-01,1.95440
1957-12-01,1.94805
1958-01-01,1.61290
1958-02-01,1.61290
1958-03-01,2.25806
1958-04-01,1.60772
1958-05-01,2.25806
1958-06-01,1.60772
1958-07-01,0.95847
1958-08-01,0.63694
1958-09-01,0.95847
1958-10-01,0.96154
1958-11-01,0.95847
1958-12-01,0.63694
1959-01-01,0.63492
1959-02-01,0.63492
1959-03-01,0.00000
1959-04-01,0.63291
1959-05-01,0.31546
1959-06-01,0.31646
1959-07-01,0.31646
1959-08-01,0.00000
1959-09-01,0.31646
1959-10-01,0.31746
1959-11-01,-0.31646
1959-12-01,-0.31646
1960-01-01,-0.31546
1960-02-01,-0.31546
1960-03-01,0.31546
1960-04-01,0.00000
1960-05-01,-0.31447
1960-06-01,0.00000
1960-07-01,0.00000
1960-08-01,0.00000
1960-09-01,-0.31546
1960-10-01,0.31646
1960-11-01,0.63492
1960-12-01,0.63492
1961-01-01,0.63291
1961-02-01,0.63291
1961-03-01,0.00000
1961-04-01,-0.62893
1961-05-01,-0.63091
1961-06-01,-1.26183
1961-07-01,-0.63091
1961-08-01,-0.31646
1961-09-01,-0.31646
1961-10-01,-0.63091
1961-11-01,-0.63091
1961-12-01,-0.31546
1962-01-01,-0.31447
1962-02-01,-0.31447
1962-03-01,-0.31447
1962-04-01,0.00000
1962-05-01,0.00000
1962-06-01,0.63898
1962-07-01,0.31746
1962-08-01,0.31746
1962-09-01,1.26984
1962-10-01,0.63492
1962-11-01,0.63492
1962-12-01,0.00000
1963-01-01,-0.31546
1963-02-01,-0.63091
1963-03-01,-0.63091
1963-04-01,-0.63291
1963-05-01,0.00000
1963-06-01,0.31746
1963-07-01,0.31646
1963-08-01,0.00000
1963-09-01,-0.94044
1963-10-01,-0.31546
1963-11-01,0.00000
1963-12-01,0.00000
1964-01-01,0.63291
1964-02-01,0.31746
1964-03-01,0.31746
1964-04-01,0.63694
1964-05-01,0.00000
1964-06-01,-0.31646
1964-07-01,-0.31546
1964-08-01,0.00000
1964-09-01,0.31646
1964-10-01,0.31646
1964-11-01,0.00000
1964-12-01,0.31646
1965-01-01,0.00000
1965-02-01,0.94937
1965-03-01,0.94937
1965-04-01,1.26582
1965-05-01,1.90476
1965-06-01,2.85714
1965-07-01,2.53165
1965-08-01,2.53165
1965-09-01,2.20820
1965-10-01,2.52366
1965-11-01,2.83912
1965-12-01,3.47003
1966-01-01,3.45912
1966-02-01,4.07524
1966-03-01,4.07524
1966-04-01,3.75000
1966-05-01,3.42679
1966-06-01,2.77778
1966-07-01,3.39506
1966-08-01,3.70370
1966-09-01,3.70370
1966-10-01,2.76923
1966-11-01,2.14724
1966-12-01,1.52439
1967-01-01,1.51976
1967-02-01,0.60241
1967-03-01,0.30120
1967-04-01,-0.30120
1967-05-01,0.30120
1967-06-01,0.60060
1967-07-01,0.00000
1967-08-01,-0.59524
1967-09-01,-0.59524
1967-10-01,0.00000
1967-11-01,0.30030
1967-12-01,1.20120
1968-01-01,1.19760
1968-02-01,1.79641
1968-03-01,2.40240
1968-04-01,3.02115
1968-05-01,2.70270
1968-06-01,2.08955
1968-07-01,2.38806
1968-08-01,2.39521
1968-09-01,2.99401
1968-10-01,2.99401
1968-11-01,3.29341
1968-12-01,2.67062
1969-01-01,2.95858
1969-02-01,2.94118
1969-03-01,3.22581
1969-04-01,3.51906
1969-05-01,3.80117
1969-06-01,4.38596
1969-07-01,4.37318
1969-08-01,4.38596
1969-09-01,4.06977
1969-10-01,4.36047
1969-11-01,4.63768
1969-12-01,4.91329
1970-01-01,4.88506
1970-02-01,4.85714
1970-03-01,4.26136
1970-04-01,4.24929
1970-05-01,3.66197
1970-06-01,3.36134
1970-07-01,3.63128
1970-08-01,3.36134
1970-09-01,3.63128
1970-10-01,3.34262
1970-11-01,2.77008
1970-12-01,2.20386
1971-01-01,2.19178
1971-02-01,2.72480
1971-03-01,2.99728
1971-04-01,2.98913
1971-05-01,3.53261
1971-06-01,3.52304
1971-07-01,3.23450
1971-08-01,4.33604
1971-09-01,3.23450
1971-10-01,3.23450
1971-11-01,3.23450
1971-12-01,4.04313
1972-01-01,4.02145
1972-02-01,3.97878
1972-03-01,3.70370
1972-04-01,3.69393
1972-05-01,3.67454
1972-06-01,3.92670
1972-07-01,4.43864
1972-08-01,4.15584
1972-09-01,4.96084
1972-10-01,4.69974
1972-11-01,5.22193
1972-12-01,6.47668
1973-01-01,7.21649
1973-02-01,8.16327
1973-03-01,10.71429
1973-04-01,10.94148
1973-05-01,12.65823
1973-06-01,14.60957
1973-07-01,12.25000
1973-08-01,18.45387
1973-09-01,16.16915
1973-10-01,15.46135
1973-11-01,15.38462
1973-12-01,15.32847
1974-01-01,17.78846
1974-02-01,17.92453
1974-03-01,16.58986
1974-04-01,16.97248
1974-05-01,16.40449
1974-06-01,14.28571
1974-07-01,20.26726
1974-08-01,17.68421
1974-09-01,19.70021
1974-10-01,22.89417
1974-11-01,23.44086
1974-12-01,20.88608
1975-01-01,17.14286
1975-02-01,14.40000
1975-03-01,12.45059
1975-04-01,12.74510
1975-05-01,11.77606
1975-06-01,11.53846
1975-07-01,8.70370
1975-08-01,5.54562
1975-09-01,6.26118
1975-10-01,5.09666
1975-11-01,3.65854
1975-12-01,4.18848
1976-01-01,4.35540
1976-02-01,4.72028
1976-03-01,5.44815
1976-04-01,5.39130
1976-05-01,5.00864
1976-06-01,5.51724
1976-07-01,4.94037
1976-08-01,4.06780
1976-09-01,4.04040
1976-10-01,3.51171
1976-11-01,4.20168
1976-12-01,4.69012
1977-01-01,4.84140
1977-02-01,6.01002
1977-03-01,6.83333
1977-04-01,7.09571
1977-05-01,7.23684
1977-06-01,6.20915
1977-07-01,5.68182
1977-08-01,5.86319
1977-09-01,5.66343
1977-10-01,5.97738
1977-11-01,6.12903
1977-12-01,5.92000
1978-01-01,6.36943
1978-02-01,6.29921
1978-03-01,6.24025
1978-04-01,6.31741
1978-05-01,6.59509
1978-06-01,7.69231
1978-07-01,8.14132
1978-08-01,8.30769
1978-09-01,8.72894
1978-10-01,9.45122
1978-11-01,9.57447
1978-12-01,9.81873
1979-01-01,10.47904
1979-02-01,10.96296
1979-03-01,11.30690
1979-04-01,11.44928
1979-05-01,11.51079
1979-06-01,11.42857
1979-07-01,12.50000
1979-08-01,13.06818
1979-09-01,13.94366
1979-10-01,14.34540
1979-11-01,14.56311
1979-12-01,14.71802
1980-01-01,15.44715
1980-02-01,16.02136
1980-03-01,15.43536
1980-04-01,14.17425
1980-05-01,13.93548
1980-06-01,13.71795
1980-07-01,14.01515
1980-08-01,14.94975
1980-09-01,13.34981
1980-10-01,13.03289
1980-11-01,12.83293
1980-12-01,12.47002
1981-01-01,11.73709
1981-02-01,10.58688
1981-03-01,10.85714
1981-04-01,11.61731
1981-05-01,11.32503
1981-06-01,11.04848
1981-07-01,9.63455
1981-08-01,8.19672
1981-09-01,7.74264
1981-10-01,6.57328
1981-11-01,6.00858
1981-12-01,5.33049
1982-01-01,4.72689
1982-02-01,3.85016
1982-03-01,2.68041
1982-04-01,1.63265
1982-05-01,1.52594
1982-06-01,1.52284
1982-07-01,1.41414
1982-08-01,1.31313
1982-09-01,1.21457
1982-10-01,1.31446
1982-11-01,1.51822
1982-12-01,1.72065
1983-01-01,0.50150
1983-02-01,0.70140
1983-03-01,0.80321
1983-04-01,0.80321
1983-05-01,1.00200
1983-06-01,1.00000
1983-07-01,0.89641
1983-08-01,1.49551
1983-09-01,2.00000
1983-10-01,1.99601
1983-11-01,1.79462
1983-12-01,1.79104
1984-01-01,2.69461
1984-02-01,2.68657
1984-03-01,3.48606
1984-04-01,3.58566
1984-05-01,3.27381
1984-06-01,2.97030
1984-07-01,2.86278
1984-08-01,1.96464
1984-09-01,1.37255
1984-10-01,1.17417
1984-11-01,1.56709
1984-12-01,1.17302
1985-01-01,0.48591
1985-02-01,0.09690
1985-03-01,-0.76997
1985-04-01,-0.67308
1985-05-01,-0.57637
1985-06-01,-0.67308
1985-07-01,-0.95969
1985-08-01,-1.05973
1985-09-01,-1.25725
1985-10-01,-0.48356
1985-11-01,-0.28930
1985-12-01,0.09662
1986-01-01,-0.19342
1986-02-01,-1.54889
1986-03-01,-2.71581
1986-04-01,-3.58180
1986-05-01,-3.38164
1986-06-01,-3.29138
1986-07-01,-3.68217
1986-08-01,-3.31061
1986-09-01,-2.64447
1986-10-01,-3.10982
1986-11-01,-3.48162
1986-12-01,-3.76448
1987-01-01,-2.61628
1987-02-01,-0.68830
1987-03-01,0.89731
1987-04-01,2.30924
1987-05-01,2.60000
1987-06-01,3.10310
1987-07-01,4.12475
1987-08-01,4.53172
1987-09-01,4.32596
1987-10-01,4.41324
1987-11-01,4.40882
1987-12-01,4.51354
1988-01-01,4.07960
1988-02-01,3.76238
1988-03-01,3.65613
1988-04-01,3.82728
1988-05-01,3.80117
1988-06-01,4.07767
1988-07-01,4.25121
1988-08-01,4.04624
1988-09-01,4.24301
1988-10-01,3.93852
1988-11-01,3.93474
1988-12-01,4.60653
1989-01-01,5.64054
1989-02-01,5.72519
1989-03-01,6.29171
1989-04-01,6.14367
1989-05-01,6.29108
1989-06-01,5.31716
1989-07-01,4.54124
1989-08-01,3.70370
1989-09-01,3.97780
1989-10-01,4.25139
1989-11-01,4.06279
1989-12-01,3.66972
1990-01-01,3.98190
1990-02-01,3.24910
1990-03-01,2.42152
1990-04-01,1.60285
1990-05-01,1.23675
1990-06-01,1.24004
1990-07-01,1.50709
1990-08-01,4.01786
1990-09-01,5.33808
1990-10-01,7.09220
1990-11-01,6.56610
1990-12-01,5.04425
1991-01-01,3.56832
1991-02-01,2.44755
1991-03-01,1.75131
1991-04-01,1.66521
1991-05-01,1.65794
1991-06-01,1.83727
1991-07-01,1.39738
1991-08-01,-0.25751
1991-09-01,-1.94257
1991-10-01,-3.64238
1991-11-01,-3.08077
1991-12-01,-2.35889
1992-01-01,-2.85714
1992-02-01,-1.02389
1992-03-01,-0.08606
1992-04-01,0.25862
1992-05-01,0.60086
1992-06-01,1.37457
1992-07-01,1.55039
1992-08-01,1.29088
1992-09-01,1.63652
1992-10-01,1.46048
1992-11-01,1.20275
1992-12-01,1.46678
1993-01-01,2.07612
1993-02-01,2.06897
1993-03-01,2.23945
1993-04-01,2.57954
1993-05-01,2.13311
1993-06-01,1.27119
1993-07-01,1.10263
1993-08-01,0.84962
1993-09-01,0.59322
1993-10-01,0.84674
1993-11-01,1.01868
1993-12-01,0.85034
1994-01-01,0.93220
1994-02-01,0.76014
1994-03-01,0.84246
1994-04-01,0.33529
1994-05-01,0.16708
1994-06-01,0.83682
1994-07-01,1.25839
1994-08-01,2.10615
1994-09-01,1.93766
1994-10-01,1.51134
1994-11-01,2.10084
1994-12-01,2.78246
1995-01-01,3.19060
1995-02-01,3.52054
1995-03-01,3.50877
1995-04-01,4.09357
1995-05-01,4.17014
1995-06-01,3.98340
1995-07-01,3.81110
1995-08-01,3.21782
1995-09-01,3.47107
1995-10-01,3.63937
1995-11-01,3.20988
1995-12-01,3.11731
1996-01-01,2.76648
1996-02-01,2.18623
1996-03-01,2.01776
1996-04-01,2.24719
1996-05-01,2.56205
1996-06-01,2.15483
1996-07-01,2.15483
1996-08-01,2.55795
1996-09-01,2.39617
1996-10-01,2.15483
1996-11-01,2.23285
1996-12-01,2.70485
1997-01-01,2.69200
1997-02-01,1.82250
1997-03-01,0.71203
1997-04-01,-0.31397
1997-05-01,-0.54645
1997-06-01,-0.62500
1997-07-01,-0.85938
1997-08-01,-0.85737
1997-09-01,-0.54602
1997-10-01,-0.15625
1997-11-01,-0.23401
1997-12-01,-1.78156
1998-01-01,-3.31534
1998-02-01,-2.72374
1998-03-01,-2.04242
1998-04-01,-1.65354
1998-05-01,-1.80534
1998-06-01,-1.88679
1998-07-01,-1.57604
1998-08-01,-2.35849
1998-09-01,-2.90196
1998-10-01,-2.97340
1998-11-01,-3.36200
1998-12-01,-3.15457
1999-01-01,-1.99362
1999-02-01,-2.16000
1999-03-01,-1.68404
1999-04-01,-1.04083
1999-05-01,-0.31974
1999-06-01,0.32051
1999-07-01,0.64051
1999-08-01,2.17391
1999-09-01,3.39257
1999-10-01,2.98387
1999-11-01,3.80259
1999-12-01,4.07166
2000-01-01,4.39382
2000-02-01,6.13246
2000-03-01,6.68842
2000-04-01,5.74434
2000-05-01,5.53328
2000-06-01,6.86901
2000-07-01,6.36436
2000-08-01,4.72813
2000-09-01,5.23438
2000-10-01,6.02976
2000-11-01,5.22214
2000-12-01,6.57277
2001-01-01,9.11925
2001-02-01,5.85516
2001-03-01,3.89908
2001-04-01,4.36113
2001-05-01,3.95137
2001-06-01,1.27055
2001-07-01,-0.22438
2001-08-01,0.37622
2001-09-01,-1.03935
2001-10-01,-3.76662
2001-11-01,-3.85185
2001-12-01,-5.94714
2002-01-01,-8.21429
2002-02-01,-6.55022
2002-03-01,-4.48859
2002-04-01,-4.10557
2002-05-01,-4.38596
2002-06-01,-3.39483
2002-07-01,-1.64918
2002-08-01,-1.42429
2002-09-01,-0.75019
2002-10-01,2.22563
2002-11-01,2.54237
2002-12-01,3.74707
2003-01-01,5.29183
2003-02-01,7.16511
2003-03-01,8.78274
2003-04-01,4.58716
2003-05-01,4.51070
2003-06-01,5.42399
2003-07-01,4.95427
2003-08-01,4.94297
2003-09-01,4.68632
2003-10-01,4.57958
2003-11-01,4.35763
2003-12-01,4.96614
2004-01-01,4.50850
2004-02-01,3.27035
2004-03-01,1.34561
2004-04-01,5.84795
2004-05-01,7.38844
2004-06-01,6.66667
2004-07-01,7.04430
2004-08-01,7.24638
2004-09-01,6.64260
2004-10-01,7.68126
2004-11-01,8.99928
2004-12-01,7.67025
2005-01-01,6.71853
2005-02-01,6.68543
2005-03-01,7.40741
2005-04-01,7.04420
2005-05-01,5.10899
2005-06-01,4.82337
2005-07-01,6.03799
2005-08-01,6.48649
2005-09-01,9.81720
2005-10-01,10.80000
2005-11-01,8.12417
2005-12-01,8.52197
2006-01-01,8.88005
2006-02-01,6.72823
2006-03-01,5.53025
2006-04-01,6.00000
2006-05-01,7.45301
2006-06-01,7.64744
2006-07-01,6.71785
2006-08-01,6.53553
2006-09-01,1.97287
2006-10-01,-2.40674
2006-11-01,0.54979
2006-12-01,1.59509
2007-01-01,-0.18259
2007-02-01,3.09023
2007-03-01,4.37731
2007-04-01,4.32136
2007-05-01,4.52352
2007-06-01,4.63576
2007-07-01,4.97602
2007-08-01,2.68017
2007-09-01,4.89722
2007-10-01,7.70654
2007-11-01,8.74848
2007-12-01,7.85024
2008-01-01,10.36585
2008-02-01,9.53237
2008-03-01,10.98641
2008-04-01,11.37690
2008-05-01,13.44489
2008-06-01,15.36249
2008-07-01,17.36151
2008-08-01,15.42923
2008-09-01,13.48703
2008-10-01,6.69720
2008-11-01,-1.22905
2008-12-01,-4.31131
2009-01-01,-5.41436
2009-02-01,-7.33443
2009-03-01,-10.53752
2009-04-01,-11.41959
2009-05-01,-13.12309
2009-06-01,-13.16708
2009-07-01,-16.05839
2009-08-01,-12.06030
2009-09-01,-11.57948
2009-10-01,-6.00858
2009-11-01,0.33937
2009-12-01,4.21299
2010-01-01,6.25000
2010-02-01,6.91081
2010-03-01,9.04224
2010-04-01,9.04790
2010-05-01,8.19672
2010-06-01,5.39920
2010-07-01,6.72464
2010-08-01,5.65714
2010-09-01,6.20333
2010-10-01,6.50685
2010-11-01,5.80609
2010-12-01,6.51319
2011-01-01,5.93733
2011-02-01,8.17680
2011-03-01,8.67430
2011-04-01,10.14100
2011-05-01,10.44372
2011-06-01,11.11717
2011-07-01,11.13525
2011-08-01,9.89724
2011-09-01,10.16766
2011-10-01,7.77063
2011-11-01,7.29888
2011-12-01,5.32420
2012-01-01,4.15153
2012-02-01,2.96221
2012-03-01,2.51004
2012-04-01,0.29542
2012-05-01,-1.07790
2012-06-01,-2.01079
2012-07-01,-2.19941
2012-08-01,-0.24606
2012-09-01,0.34364
2012-10-01,1.19344
2012-11-01,0.19861
2012-12-01,0.85085
2013-01-01,0.89686
2013-02-01,1.33929
2013-03-01,-0.09794
2013-04-01,-0.09818
2013-05-01,1.08965
2013-06-01,2.25225
2013-07-01,2.14893
2013-08-01,0.74001
2013-09-01,-0.24462
2013-10-01,-0.49140
2013-11-01,-0.29732
2013-12-01,0.24814
2014-01-01,0.64198
2014-02-01,0.68527
2014-03-01,1.47059
2014-04-01,2.35872
2014-05-01,1.91083
2014-06-01,1.95791
2014-07-01,1.76125
2014-08-01,1.37120
2014-09-01,1.22609
2014-10-01,0.44444
2014-11-01,-0.14911
2014-12-01,-2.47525
2015-01-01,-5.78999
2015-02-01,-7.09772
2015-03-01,-7.48792
2015-04-01,-8.35334
2015-05-01,-7.01923
2015-06-01,-6.48104
2015-07-01,-6.77885
2015-08-01,-7.29469
2015-09-01,-8.38178
2015-10-01,-7.81711
2015-11-01,-7.56595
2015-12-01,-6.85279
2016-01-01,-4.89583
2016-02-01,-5.12821
2016-03-01,-4.90862
2016-04-01,-4.03353
2016-05-01,-4.18821
2016-06-01,-3.69610
2016-07-01,-3.19752
2016-08-01,-2.76186
2016-09-01,-1.16341
2016-10-01,-0.42667
2016-11-01,0.32310
2016-12-01,2.56131
2017-01-01,4.43593
2017-02-01,5.68119
2017-03-01,5.16200
2017-04-01,5.34934
2017-05-01,4.04749
2017-06-01,3.19829
2017-07-01,3.09004
2017-08-01,3.85852
2017-09-01,4.22686
2017-10-01,4.39207
2017-11-01,5.15298
2017-12-01,4.30393
2018-01-01,3.77556
2018-02-01,4.01879
2018-03-01,4.07311
2018-04-01,3.78238
2018-05-01,5.39419
2018-06-01,5.47521
2018-07-01,5.58140
2018-08-01,4.95356
2018-09-01,4.51745
2018-10-01,4.97691
2018-11-01,3.26697
2018-12-01,2.39429
2019-01-01,0.60637
2019-02-01,-0.05018
2019-03-01,0.75263
2019-04-01,0.89865
2019-05-01,-0.73819
2019-06-01,-1.90989
2019-07-01,-1.76211
2019-08-01,-2.06490
2019-09-01,-2.55403
2019-10-01,-2.93255
2019-11-01,-1.63124
2019-12-01,-0.99502
2020-01-01,0.10045
2020-02-01,-1.25502
2020-03-01,-3.83466
2020-04-01,-8.21376
2020-05-01,-6.49479
2020-06-01,-4.54319
2020-07-01,-3.83657
2020-08-01,-2.45984
2020-09-01,-1.46169
2020-10-01,-1.05740
2020-11-01,-0.35176
2020-12-01,0.75377
2021-01-01,2.75966
2021-02-01,7.06660
2021-03-01,11.34127
2021-04-01,17.46631
2021-05-01,19.24708
2021-06-01,19.71757
2021-07-01,20.12953
2021-08-01,20.13124
2021-09-01,20.55141
2021-10-01,22.37405
2021-11-01,22.68633
2021-12-01,20.36808
2022-01-01,20.33838
2022-02-01,19.97151
2022-03-01,20.93674
2022-04-01,21.75769
2022-05-01,21.49889
2022-06-01,22.43381
2022-07-01,17.43541
2022-08-01,15.47930
2022-09-01,13.67120
2022-10-01,10.22852
2022-11-01,8.16731
2022-12-01,6.86133
2023-01-01,5.58890
2023-02-01,2.37829
2023-03-01,-1.13532
2023-04-01,-3.16686
2023-05-01,-7.16594
2023-06-01,-9.41692
2023-07-01,-6.77222
2023-08-01,-4.40222
2023-09-01,-3.34605
2023-10-01,-3.72329
2023-11-01,-3.91439
2023-12-01,-3.11403
2024-01-01,-3.42816
2024-02-01,-1.44702
2024-03-01,-0.76519
2024-04-01,0.02725
2024-05-01,0.64769
2024-06-01,0.80911
2024-07-01,1.37333
2024-08-01,-0.86037
2024-09-01,-2.41451
2024-10-01,-0.82722
2024-11-01,0.13446
2024-12-01,1.41676
2025-01-01,2.34614
2025-02-01,1.88290
